{"version": {"json_export": "184", "page_segmentation": "5", "schema": "1.1.0", "structure": "1.1010.1", "table_structure": "5"}, "extended_metadata": {"ID_instance": "B8 7D 9E 20 53 B6 B2 11 0A 00 67 45 8B 6B C6 23 ", "ID_permanent": "45 43 20 35 37 20 39 44 20 32 30 20 35 33 20 42 36 20 42 32 20 31 31 20 30 41 20 30 30 20 36 37 20 34 35 20 38 42 20 36 42 20 43 36 20 32 33 20 ", "pdf_version": "1.6", "pdfa_compliance_level": "", "is_encrypted": false, "has_acroform": true, "is_digitally_signed": false, "pdfua_compliance_level": "", "page_count": 1, "has_embedded_files": false, "is_certified": false, "is_XFA": false, "language": "en-US"}, "elements": [{"Bounds": [125.80000305175781, 704.8500061035156, 492.2980041503906, 725.4859924316406], "ClipBounds": [125.80000305175781, 704.8500061035156, 492.2980041503906, 725.4859924316406], "Font": {"alt_family_name": "Arial", "embedded": false, "encoding": "WinAnsiEncoding", "family_name": "Arial", "font_type": "TrueType", "italic": false, "monospaced": false, "name": "Arial-BoldMT", "subset": false, "weight": 700}, "HasClip": true, "Lang": "en", "Page": 0, "Path": "//Document/Sect/Title", "Text": "AUTO INSURANCE VERIFICATION ", "TextSize": 22.0, "attributes": {"LineHeight": 26.375, "SpaceAfter": 18, "TextAlign": "Center"}}, {"Bounds": [72.02499389648438, 663.1799926757812, 535.1170043945312, 674.4360046386719], "ClipBounds": [72.02499389648438, 663.1799926757812, 535.1170043945312, 674.4360046386719], "Font": {"alt_family_name": "Arial", "embedded": false, "encoding": "WinAnsiEncoding", "family_name": "Arial MT", "font_type": "TrueType", "italic": false, "monospaced": false, "name": "ArialMT", "subset": false, "weight": 400}, "HasClip": true, "Lang": "en", "Page": 0, "Path": "//Document/Sect/P", "Text": "I, ___________________________________, authorize my insurance agent/company ", "TextSize": 12.0, "attributes": {"LineHeight": 14.375, "SpaceAfter": 13.25}}, {"Bounds": [72.02499389648438, 635.6799926757812, 532.5479125976562, 646.9360046386719], "ClipBounds": [72.02499389648438, 635.6799926757812, 532.5479125976562, 646.9360046386719], "Font": {"alt_family_name": "Arial", "embedded": false, "encoding": "WinAnsiEncoding", "family_name": "Arial MT", "font_type": "TrueType", "italic": false, "monospaced": false, "name": "ArialMT", "subset": false, "weight": 400}, "HasClip": true, "Lang": "en", "Page": 0, "Path": "//Document/Sect/P[2]", "Text": "to disclose the following information to ___________________________________ for ", "TextSize": 12.0, "attributes": {"LineHeight": 14.375, "SpaceAfter": 13.375}}, {"Bounds": [72.02499389648438, 607.9299926757812, 385.8979949951172, 619.1860046386719], "ClipBounds": [72.02499389648438, 607.9299926757812, 385.8979949951172, 619.1860046386719], "Font": {"alt_family_name": "Arial", "embedded": false, "encoding": "WinAnsiEncoding", "family_name": "Arial MT", "font_type": "TrueType", "italic": false, "monospaced": false, "name": "ArialMT", "subset": false, "weight": 400}, "HasClip": true, "Lang": "en", "Page": 0, "Path": "//Document/Sect/P[3]", "Text": "the purpose of __________________________________. ", "TextSize": 12.0, "attributes": {"LineHeight": 14.375, "SpaceAfter": 18}}, {"Bounds": [72.02499389648438, 566.5890045166016, 540.0699920654297, 592.3419952392578], "ClipBounds": [72.02499389648438, 566.5890045166016, 540.0699920654297, 592.3419952392578], "Page": 0, "Path": "//Document/Sect/Figure", "attributes": {"BBox": [71.99709999999686, 566.6489999999758, 536.737999999983, 575.8889999999956], "Placement": "Block"}}, {"Bounds": [72.02499389648438, 538.8999938964844, 365.7099914550781, 550.156005859375], "ClipBounds": [72.02499389648438, 538.8999938964844, 365.7099914550781, 550.156005859375], "Font": {"alt_family_name": "Arial", "embedded": false, "encoding": "WinAnsiEncoding", "family_name": "Arial MT", "font_type": "TrueType", "italic": false, "monospaced": false, "name": "ArialMT", "subset": false, "weight": 400}, "HasClip": true, "Lang": "en", "Page": 0, "Path": "//Document/Sect/P[4]", "Text": "Print Name __________________________________ ", "TextSize": 12.0, "attributes": {"LineHeight": 14.375, "SpaceAfter": 13.125}}, {"Bounds": [72.02499389648438, 511.3800048828125, 348.2740020751953, 522.6360015869141], "ClipBounds": [72.02499389648438, 511.3800048828125, 348.2740020751953, 522.6360015869141], "Font": {"alt_family_name": "Arial", "embedded": false, "encoding": "WinAnsiEncoding", "family_name": "Arial MT", "font_type": "TrueType", "italic": false, "monospaced": false, "name": "ArialMT", "subset": false, "weight": 400}, "HasClip": true, "Lang": "en", "Page": 0, "Path": "//Document/Sect/P[5]", "Text": "INSURANCE AGENT: Please fill out and return to: ", "TextSize": 12.0, "attributes": {"LineHeight": 14.375, "SpaceAfter": 13.5}}, {"Bounds": [72.02499389648438, 483.6300048828125, 506.6479949951172, 494.88600158691406], "ClipBounds": [72.02499389648438, 483.6300048828125, 506.6479949951172, 494.88600158691406], "Font": {"alt_family_name": "Arial", "embedded": false, "encoding": "WinAnsiEncoding", "family_name": "Arial MT", "font_type": "TrueType", "italic": false, "monospaced": false, "name": "ArialMT", "subset": false, "weight": 400}, "HasClip": true, "Lang": "en", "Page": 0, "Path": "//Document/Sect/P[6]", "Text": "Fax Number _______________________ or E-Mail _______________________ ", "TextSize": 12.0, "attributes": {"LineHeight": 14.375, "SpaceAfter": 18}}, {"Bounds": [133.0500030517578, 442.3800048828125, 482.5740966796875, 453.63600158691406], "ClipBounds": [133.0500030517578, 442.3800048828125, 482.5740966796875, 453.63600158691406], "Font": {"alt_family_name": "Arial", "embedded": false, "encoding": "WinAnsiEncoding", "family_name": "Arial MT", "font_type": "TrueType", "italic": false, "monospaced": false, "name": "ArialMT", "subset": false, "weight": 400}, "HasClip": true, "Lang": "en", "Page": 0, "Path": "//Document/Sect/P[7]", "Text": "THIS AREA TO BE COMPLETED BY THE INSURANCE AGENT ", "TextSize": 12.0, "attributes": {"LineHeight": 14.375, "SpaceAfter": 13.25, "TextAlign": "Center"}}, {"Bounds": [72.02499389648438, 414.7640075683594, 453.70599365234375, 428.156005859375], "ClipBounds": [72.02499389648438, 414.7640075683594, 453.70599365234375, 428.156005859375], "Font": {"alt_family_name": "Arial", "embedded": false, "encoding": "WinAnsiEncoding", "family_name": "Arial MT", "font_type": "TrueType", "italic": false, "monospaced": false, "name": "ArialMT", "subset": false, "weight": 400}, "HasClip": true, "Lang": "en", "Page": 0, "Path": "//Document/Sect/P[8]", "Text": "Insured Individual\u2019s Name: ___________________________________ ", "TextSize": 12.0, "attributes": {"LineHeight": 14.375, "SpaceAfter": 13.375}}, {"Bounds": [72.02499389648438, 387.11000061035156, 540.0820007324219, 398.3659973144531], "ClipBounds": [72.02499389648438, 387.11000061035156, 540.0820007324219, 398.3659973144531], "Font": {"alt_family_name": "Arial", "embedded": false, "encoding": "WinAnsiEncoding", "family_name": "Arial MT", "font_type": "TrueType", "italic": false, "monospaced": false, "name": "ArialMT", "subset": false, "weight": 400}, "HasClip": true, "Lang": "en", "Page": 0, "Path": "//Document/Sect/P[9]", "Text": "Address: ______________________________________________________________ ", "TextSize": 12.0, "attributes": {"LineHeight": 14.375, "SpaceAfter": 13.125}}, {"Bounds": [72.02499389648438, 359.61000061035156, 541.2819976806641, 370.8659973144531], "ClipBounds": [72.02499389648438, 359.61000061035156, 541.2819976806641, 370.8659973144531], "Font": {"alt_family_name": "Arial", "embedded": false, "encoding": "WinAnsiEncoding", "family_name": "Arial MT", "font_type": "TrueType", "italic": false, "monospaced": false, "name": "ArialMT", "subset": false, "weight": 400}, "HasClip": true, "Lang": "en", "Page": 0, "Path": "//Document/Sect/P[10]", "Text": "City: ______________________________ State: ________________ Zip: __________ ", "TextSize": 12.0, "attributes": {"LineHeight": 14.375, "SpaceAfter": 13.5}}, {"Bounds": [72.02499389648438, 331.8300018310547, 541.3840026855469, 343.08599853515625], "ClipBounds": [72.02499389648438, 331.8300018310547, 541.3840026855469, 343.08599853515625], "Font": {"alt_family_name": "Arial", "embedded": false, "encoding": "WinAnsiEncoding", "family_name": "Arial MT", "font_type": "TrueType", "italic": false, "monospaced": false, "name": "ArialMT", "subset": false, "weight": 400}, "HasClip": true, "Lang": "en", "Page": 0, "Path": "//Document/Sect/P[11]", "Text": "Insurance Company: ____________________________ Phone: __________________ ", "TextSize": 12.0, "attributes": {"LineHeight": 14.375, "SpaceAfter": 13.125}}, {"Bounds": [72.02499389648438, 304.3300018310547, 537.3880004882812, 315.58599853515625], "ClipBounds": [72.02499389648438, 304.3300018310547, 537.3880004882812, 315.58599853515625], "Font": {"alt_family_name": "Arial", "embedded": false, "encoding": "WinAnsiEncoding", "family_name": "Arial MT", "font_type": "TrueType", "italic": false, "monospaced": false, "name": "ArialMT", "subset": false, "weight": 400}, "HasClip": true, "Lang": "en", "Page": 0, "Path": "//Document/Sect/P[12]", "Text": "Agent Contact Name: ____________________________ Fax: ___________________ ", "TextSize": 12.0, "attributes": {"LineHeight": 14.375, "SpaceAfter": 13.125}}, {"Bounds": [72.02499389648438, 276.80999755859375, 520.6380004882812, 288.0659942626953], "ClipBounds": [72.02499389648438, 276.80999755859375, 520.6380004882812, 288.0659942626953], "Font": {"alt_family_name": "Arial", "embedded": false, "encoding": "WinAnsiEncoding", "family_name": "Arial MT", "font_type": "TrueType", "italic": false, "monospaced": false, "name": "ArialMT", "subset": false, "weight": 400}, "HasClip": true, "Page": 0, "Path": "//Document/Sect/L/LI/LBody", "Text": "Policy Start Date: ___________________ Policy End Date: ___________________ ", "TextSize": 12.0}, {"Bounds": [72.02499389648438, 248.21400451660156, 459.43798828125, 261.6060028076172], "ClipBounds": [72.02499389648438, 248.21400451660156, 459.43798828125, 261.6060028076172], "Font": {"alt_family_name": "Arial", "embedded": false, "encoding": "WinAnsiEncoding", "family_name": "Arial MT", "font_type": "TrueType", "italic": false, "monospaced": false, "name": "ArialMT", "subset": false, "weight": 400}, "HasClip": true, "Lang": "en", "Page": 0, "Path": "//Document/Sect/P[13]", "Text": "Is there liability for injuries or damage to a third (3rd) party? \u2610 Yes \u2610 No ", "TextSize": 12.0, "attributes": {"LineHeight": 14.375, "SpaceAfter": 14.75}}, {"Bounds": [72.02499389648438, 218.96400451660156, 482.45799255371094, 232.3560028076172], "ClipBounds": [72.02499389648438, 218.96400451660156, 482.45799255371094, 232.3560028076172], "Font": {"alt_family_name": "Arial", "embedded": false, "encoding": "WinAnsiEncoding", "family_name": "Arial MT", "font_type": "TrueType", "italic": false, "monospaced": false, "name": "ArialMT", "subset": false, "weight": 400}, "HasClip": true, "Lang": "en", "Page": 0, "Path": "//Document/Sect/P[14]", "Text": "Does the coverage cover the insured individual in an accident? \u2610 Yes \u2610 No ", "TextSize": 12.0, "attributes": {"LineHeight": 14.375, "SpaceAfter": 15.25}}, {"Bounds": [72.02499389648438, 189.4340057373047, 466.42799377441406, 202.8260040283203], "ClipBounds": [72.02499389648438, 189.4340057373047, 466.42799377441406, 202.8260040283203], "Font": {"alt_family_name": "Arial", "embedded": false, "encoding": "WinAnsiEncoding", "family_name": "Arial MT", "font_type": "TrueType", "italic": false, "monospaced": false, "name": "ArialMT", "subset": false, "weight": 400}, "HasClip": true, "Lang": "en", "Page": 0, "Path": "//Document/Sect/P[15]", "Text": "Does the coverage pay for damage done to rental vehicles? \u2610 Yes \u2610 No ", "TextSize": 12.0, "attributes": {"LineHeight": 14.375, "SpaceAfter": 14}}, {"Bounds": [72.02499389648438, 161.02999877929688, 470.6199951171875, 172.28599548339844], "ClipBounds": [72.02499389648438, 161.02999877929688, 470.6199951171875, 172.28599548339844], "Font": {"alt_family_name": "Arial", "embedded": false, "encoding": "WinAnsiEncoding", "family_name": "Arial MT", "font_type": "TrueType", "italic": false, "monospaced": false, "name": "ArialMT", "subset": false, "weight": 400}, "HasClip": true, "Lang": "en", "Page": 0, "Path": "//Document/Sect/P[16]", "Text": "Policy Number: _____________________ Expiration: ________________ ", "TextSize": 12.0, "attributes": {"LineHeight": 14.375, "SpaceAfter": 18}}, {"Bounds": [72.02499389648438, 119.41400146484375, 408.4761047363281, 145.9340057373047], "ClipBounds": [72.02499389648438, 119.41400146484375, 408.4761047363281, 145.9340057373047], "Font": {"alt_family_name": "Arial", "embedded": false, "encoding": "WinAnsiEncoding", "family_name": "Arial MT", "font_type": "TrueType", "italic": false, "monospaced": false, "name": "ArialMT", "subset": false, "weight": 400}, "HasClip": true, "Lang": "en", "Page": 0, "Path": "//Document/Sect/P[17]", "Text": "Agent\u2019s Signature (<https://esign.com>)__________________________________ ", "TextSize": 12.0, "attributes": {"LineHeight": 14.375, "SpaceAfter": 13.125}}, {"Bounds": [72.02499389648438, 92.0050048828125, 250.9449920654297, 103.26100158691406], "ClipBounds": [72.02499389648438, 92.0050048828125, 250.9449920654297, 103.26100158691406], "Font": {"alt_family_name": "Arial", "embedded": false, "encoding": "WinAnsiEncoding", "family_name": "Arial MT", "font_type": "TrueType", "italic": false, "monospaced": false, "name": "ArialMT", "subset": false, "weight": 400}, "HasClip": true, "Lang": "en", "Page": 0, "Path": "//Document/Sect/P[18]", "Text": "Date ______________________ ", "TextSize": 12.0, "attributes": {"LineHeight": 14.375, "SpaceAfter": 18}}, {"Bounds": [72.0, 36.0, 92.0, 56.0], "ClipBounds": [72.0, 36.0, 92.0, 56.0], "Page": 0, "Path": "//Document/Sect/Reference/Figure", "attributes": {"BBox": [71.99709999999686, 36.030799999998635, 92.03629999999976, 56.0698999999986], "Placement": "Block", "SpaceAfter": -13.5}}, {"Bounds": [507.1999969482422, 37.649993896484375, 561.0599975585938, 47.029998779296875], "ClipBounds": [507.1999969482422, 37.649993896484375, 558.4750366210938, 47.029998779296875], "Font": {"alt_family_name": "Arial", "embedded": false, "encoding": "WinAnsiEncoding", "family_name": "Arial MT", "font_type": "TrueType", "italic": false, "monospaced": false, "name": "ArialMT", "subset": false, "weight": 400}, "HasClip": true, "Lang": "en", "Page": 0, "Path": "//Document/Sect/P[19]", "Text": "Page 1 of 1 ", "TextSize": 10.0, "attributes": {"LineHeight": 12, "TextAlign": "End"}}], "pages": [{"boxes": {"CropBox": [0.0, 0.0, 612.0, 792.0], "MediaBox": [0.0, 0.0, 612.0, 792.0]}, "height": 792.0, "is_scanned": false, "page_number": 0, "rotation": 0, "width": 612.0}]}